product_id,product_name,category,supplier_id,price
1,Product_1,Clothing,18,312
2,Product_2,Clothing,83,94
3,Product_3,Furniture,53,103
4,Product_4,Sports,37,42
5,Product_5,Sports,130,176
6,Product_6,Clothing,136,48
7,Product_7,Accessories,136,498
8,Product_8,Clothing,175,277
9,Product_9,Accessories,149,264
10,Product_10,Electronics,14,112
11,Product_11,Sports,46,70
12,Product_12,Furniture,169,330
13,Product_13,Accessories,109,155
14,Product_14,Electronics,133,310
15,Product_15,Furniture,84,489
16,Product_16,Furniture,65,443
17,Product_17,Sports,39,478
18,Product_18,Electronics,12,321
19,Product_19,Electronics,108,157
20,Product_20,Electronics,134,482
21,Product_21,Clothing,118,97
22,Product_22,Furniture,122,308
23,Product_23,Furniture,183,61
24,Product_24,Sports,143,474
25,Product_25,Electronics,35,88
26,Product_26,Electronics,157,428
27,Product_27,Electronics,139,210
28,Product_28,Clothing,99,354
29,Product_29,Electronics,16,250
30,Product_30,Furniture,146,405
31,Product_31,Electronics,64,35
32,Product_32,Furniture,80,357
33,Product_33,Accessories,27,374
34,Product_34,Furniture,149,263
35,Product_35,Accessories,197,245
36,Product_36,Sports,90,258
37,Product_37,Clothing,87,404
38,Product_38,Accessories,57,403
39,Product_39,Furniture,141,142
40,Product_40,Sports,84,360
41,Product_41,Electronics,56,423
42,Product_42,Clothing,198,411
43,Product_43,Furniture,6,426
44,Product_44,Clothing,102,446
45,Product_45,Furniture,3,80
46,Product_46,Sports,145,58
47,Product_47,Clothing,131,204
48,Product_48,Accessories,91,118
49,Product_49,Clothing,159,27
50,Product_50,Sports,32,451
51,Product_51,Sports,17,75
52,Product_52,Accessories,174,121
53,Product_53,Furniture,109,451
54,Product_54,Electronics,14,156
55,Product_55,Clothing,55,255
56,Product_56,Accessories,75,38
57,Product_57,Furniture,82,394
58,Product_58,Furniture,16,252
59,Product_59,Sports,157,152
60,Product_60,Electronics,23,149
61,Product_61,Sports,178,339
62,Product_62,Sports,3,239
63,Product_63,Electronics,38,371
64,Product_64,Electronics,34,357
65,Product_65,Furniture,177,358
66,Product_66,Sports,21,116
67,Product_67,Furniture,152,229
68,Product_68,Furniture,28,251
69,Product_69,Accessories,107,323
70,Product_70,Furniture,113,220
71,Product_71,Furniture,8,409
72,Product_72,Furniture,181,63
73,Product_73,Electronics,49,308
74,Product_74,Sports,163,12
75,Product_75,Electronics,118,362
76,Product_76,Clothing,60,319
77,Product_77,Sports,111,437
78,Product_78,Clothing,129,395
79,Product_79,Clothing,94,254
80,Product_80,Sports,184,182
81,Product_81,Clothing,137,45
82,Product_82,Clothing,39,481
83,Product_83,Electronics,59,170
84,Product_84,Electronics,1,417
85,Product_85,Electronics,120,143
86,Product_86,Clothing,76,407
87,Product_87,Furniture,147,417
88,Product_88,Sports,191,159
89,Product_89,Clothing,181,96
90,Product_90,Sports,95,295
91,Product_91,Accessories,49,455
92,Product_92,Sports,91,318
93,Product_93,Clothing,55,397
94,Product_94,Furniture,13,384
95,Product_95,Clothing,87,49
96,Product_96,Accessories,90,209
97,Product_97,Clothing,25,353
98,Product_98,Accessories,38,469
99,Product_99,Sports,10,373
100,Product_100,Sports,8,83
101,Product_101,Sports,95,231
102,Product_102,Clothing,31,137
103,Product_103,Accessories,82,392
104,Product_104,Accessories,151,404
105,Product_105,Sports,117,467
106,Product_106,Electronics,170,154
107,Product_107,Furniture,121,196
108,Product_108,Electronics,173,267
109,Product_109,Electronics,98,212
110,Product_110,Sports,127,238
111,Product_111,Furniture,189,120
112,Product_112,Clothing,191,354
113,Product_113,Electronics,72,74
114,Product_114,Sports,113,113
115,Product_115,Furniture,22,494
116,Product_116,Furniture,121,194
117,Product_117,Clothing,34,201
118,Product_118,Sports,152,286
119,Product_119,Furniture,127,218
120,Product_120,Accessories,184,37
121,Product_121,Furniture,191,205
122,Product_122,Accessories,48,470
123,Product_123,Sports,47,31
124,Product_124,Furniture,34,155
125,Product_125,Accessories,68,186
126,Product_126,Clothing,151,466
127,Product_127,Clothing,111,204
128,Product_128,Electronics,114,380
129,Product_129,Electronics,43,23
130,Product_130,Accessories,15,330
131,Product_131,Furniture,157,339
132,Product_132,Furniture,47,499
133,Product_133,Sports,15,28
134,Product_134,Accessories,41,130
135,Product_135,Furniture,153,220
136,Product_136,Clothing,107,241
137,Product_137,Electronics,98,473
138,Product_138,Furniture,34,288
139,Product_139,Electronics,107,228
140,Product_140,Furniture,72,246
141,Product_141,Clothing,113,104
142,Product_142,Electronics,37,248
143,Product_143,Sports,189,352
144,Product_144,Accessories,66,498
145,Product_145,Accessories,174,102
146,Product_146,Furniture,54,315
147,Product_147,Electronics,123,299
148,Product_148,Clothing,154,82
149,Product_149,Clothing,197,319
150,Product_150,Accessories,147,36
151,Product_151,Sports,35,315
152,Product_152,Furniture,21,220
153,Product_153,Furniture,86,41
154,Product_154,Sports,108,50
155,Product_155,Electronics,92,42
156,Product_156,Furniture,112,230
157,Product_157,Accessories,172,422
158,Product_158,Clothing,32,79
159,Product_159,Clothing,60,437
160,Product_160,Clothing,146,143
161,Product_161,Sports,38,178
162,Product_162,Clothing,148,287
163,Product_163,Accessories,14,147
164,Product_164,Accessories,9,440
165,Product_165,Electronics,199,99
166,Product_166,Electronics,135,10
167,Product_167,Furniture,71,408
168,Product_168,Sports,56,477
169,Product_169,Clothing,144,12
170,Product_170,Electronics,200,44
171,Product_171,Furniture,118,75
172,Product_172,Electronics,95,94
173,Product_173,Furniture,40,440
174,Product_174,Accessories,42,145
175,Product_175,Clothing,17,495
176,Product_176,Accessories,172,136
177,Product_177,Furniture,162,167
178,Product_178,Accessories,54,104
179,Product_179,Clothing,146,62
180,Product_180,Sports,133,303
181,Product_181,Accessories,58,442
182,Product_182,Clothing,160,79
183,Product_183,Sports,21,19
184,Product_184,Accessories,153,203
185,Product_185,Furniture,79,444
186,Product_186,Furniture,101,74
187,Product_187,Furniture,87,282
188,Product_188,Electronics,1,138
189,Product_189,Furniture,62,174
190,Product_190,Sports,20,149
191,Product_191,Electronics,147,173
192,Product_192,Electronics,99,177
193,Product_193,Accessories,138,245
194,Product_194,Electronics,177,163
195,Product_195,Furniture,23,455
196,Product_196,Clothing,192,261
197,Product_197,Clothing,1,368
198,Product_198,Clothing,5,184
199,Product_199,Electronics,69,442
200,Product_200,Furniture,18,407
201,Product_201,Furniture,172,175
202,Product_202,Furniture,186,333
203,Product_203,Clothing,18,323
204,Product_204,Furniture,30,212
205,Product_205,Electronics,124,110
206,Product_206,Furniture,33,253
207,Product_207,Electronics,5,169
208,Product_208,Clothing,11,193
209,Product_209,Sports,64,470
210,Product_210,Accessories,113,466
211,Product_211,Electronics,7,258
212,Product_212,Furniture,95,267
213,Product_213,Clothing,101,276
214,Product_214,Clothing,116,486
215,Product_215,Sports,17,398
216,Product_216,Accessories,143,51
217,Product_217,Clothing,82,470
218,Product_218,Furniture,57,294
219,Product_219,Accessories,4,455
220,Product_220,Clothing,200,357
221,Product_221,Accessories,114,191
222,Product_222,Electronics,191,303
223,Product_223,Clothing,138,30
224,Product_224,Electronics,168,434
225,Product_225,Accessories,171,126
226,Product_226,Clothing,98,356
227,Product_227,Furniture,30,271
228,Product_228,Sports,106,210
229,Product_229,Clothing,58,235
230,Product_230,Accessories,183,443
231,Product_231,Furniture,20,377
232,Product_232,Clothing,99,155
233,Product_233,Electronics,186,219
234,Product_234,Clothing,43,104
235,Product_235,Clothing,101,85
236,Product_236,Clothing,148,169
237,Product_237,Clothing,148,379
238,Product_238,Accessories,174,42
239,Product_239,Accessories,85,118
240,Product_240,Electronics,54,274
241,Product_241,Accessories,144,429
242,Product_242,Clothing,196,275
243,Product_243,Sports,196,348
244,Product_244,Furniture,187,125
245,Product_245,Clothing,55,352
246,Product_246,Accessories,11,323
247,Product_247,Accessories,174,124
248,Product_248,Accessories,99,186
249,Product_249,Electronics,108,278
250,Product_250,Furniture,134,189
251,Product_251,Accessories,177,236
252,Product_252,Furniture,27,480
253,Product_253,Furniture,29,395
254,Product_254,Electronics,83,283
255,Product_255,Accessories,172,55
256,Product_256,Electronics,3,151
257,Product_257,Sports,141,454
258,Product_258,Sports,143,237
259,Product_259,Accessories,154,404
260,Product_260,Furniture,156,191
261,Product_261,Accessories,106,289
262,Product_262,Furniture,113,419
263,Product_263,Accessories,130,312
264,Product_264,Accessories,186,236
265,Product_265,Electronics,98,414
266,Product_266,Sports,65,225
267,Product_267,Accessories,166,262
268,Product_268,Electronics,181,480
269,Product_269,Sports,47,469
270,Product_270,Electronics,64,275
271,Product_271,Electronics,158,199
272,Product_272,Clothing,129,358
273,Product_273,Clothing,53,496
274,Product_274,Sports,173,272
275,Product_275,Sports,16,46
276,Product_276,Furniture,28,81
277,Product_277,Electronics,103,231
278,Product_278,Clothing,38,309
279,Product_279,Electronics,130,463
280,Product_280,Electronics,91,126
281,Product_281,Electronics,170,110
282,Product_282,Accessories,50,88
283,Product_283,Electronics,148,97
284,Product_284,Clothing,165,21
285,Product_285,Furniture,43,203
286,Product_286,Electronics,28,137
287,Product_287,Sports,170,133
288,Product_288,Sports,121,425
289,Product_289,Sports,16,83
290,Product_290,Sports,188,146
291,Product_291,Accessories,111,405
292,Product_292,Accessories,10,264
293,Product_293,Sports,37,454
294,Product_294,Clothing,185,398
295,Product_295,Electronics,110,393
296,Product_296,Electronics,151,437
297,Product_297,Sports,19,131
298,Product_298,Sports,139,97
299,Product_299,Clothing,175,430
300,Product_300,Accessories,88,234
301,Product_301,Furniture,67,117
302,Product_302,Electronics,199,191
303,Product_303,Sports,61,140
304,Product_304,Accessories,71,277
305,Product_305,Furniture,116,281
306,Product_306,Accessories,30,341
307,Product_307,Electronics,86,96
308,Product_308,Accessories,169,340
309,Product_309,Furniture,76,18
310,Product_310,Clothing,192,62
311,Product_311,Sports,189,347
312,Product_312,Accessories,172,176
313,Product_313,Electronics,124,218
314,Product_314,Sports,82,495
315,Product_315,Furniture,156,388
316,Product_316,Electronics,84,82
317,Product_317,Accessories,73,310
318,Product_318,Electronics,165,47
319,Product_319,Clothing,156,222
320,Product_320,Accessories,114,499
321,Product_321,Sports,132,463
322,Product_322,Electronics,75,212
323,Product_323,Furniture,162,150
324,Product_324,Electronics,8,411
325,Product_325,Accessories,119,295
326,Product_326,Furniture,73,324
327,Product_327,Electronics,157,354
328,Product_328,Clothing,41,193
329,Product_329,Clothing,110,68
330,Product_330,Electronics,94,423
331,Product_331,Clothing,6,45
332,Product_332,Clothing,75,70
333,Product_333,Sports,105,196
334,Product_334,Electronics,54,215
335,Product_335,Accessories,112,166
336,Product_336,Clothing,78,34
337,Product_337,Furniture,5,21
338,Product_338,Electronics,144,281
339,Product_339,Electronics,171,136
340,Product_340,Furniture,78,182
341,Product_341,Accessories,160,366
342,Product_342,Accessories,175,454
343,Product_343,Electronics,38,216
344,Product_344,Accessories,111,287
345,Product_345,Accessories,67,88
346,Product_346,Furniture,105,493
347,Product_347,Electronics,108,36
348,Product_348,Clothing,28,294
349,Product_349,Accessories,189,50
350,Product_350,Electronics,156,107
351,Product_351,Electronics,41,329
352,Product_352,Electronics,145,369
353,Product_353,Sports,18,362
354,Product_354,Furniture,178,407
355,Product_355,Electronics,79,283
356,Product_356,Sports,40,280
357,Product_357,Sports,51,138
358,Product_358,Sports,161,202
359,Product_359,Electronics,84,304
360,Product_360,Accessories,5,385
361,Product_361,Sports,193,256
362,Product_362,Sports,151,25
363,Product_363,Electronics,181,265
364,Product_364,Furniture,177,393
365,Product_365,Electronics,96,38
366,Product_366,Electronics,61,282
367,Product_367,Sports,123,79
368,Product_368,Furniture,107,422
369,Product_369,Clothing,107,455
370,Product_370,Accessories,31,97
371,Product_371,Clothing,25,79
372,Product_372,Accessories,123,259
373,Product_373,Accessories,200,98
374,Product_374,Electronics,192,342
375,Product_375,Clothing,40,212
376,Product_376,Electronics,108,108
377,Product_377,Furniture,91,256
378,Product_378,Accessories,16,157
379,Product_379,Clothing,168,412
380,Product_380,Electronics,24,61
381,Product_381,Sports,127,280
382,Product_382,Accessories,126,13
383,Product_383,Sports,83,473
384,Product_384,Accessories,87,100
385,Product_385,Furniture,174,271
386,Product_386,Clothing,155,315
387,Product_387,Clothing,104,468
388,Product_388,Sports,127,425
389,Product_389,Sports,113,64
390,Product_390,Clothing,100,100
391,Product_391,Clothing,139,172
392,Product_392,Electronics,74,471
393,Product_393,Accessories,197,419
394,Product_394,Furniture,61,364
395,Product_395,Accessories,61,209
396,Product_396,Accessories,25,234
397,Product_397,Furniture,200,99
398,Product_398,Furniture,56,73
399,Product_399,Sports,160,500
400,Product_400,Furniture,187,125
401,Product_401,Electronics,80,312
402,Product_402,Furniture,106,100
403,Product_403,Electronics,142,75
404,Product_404,Accessories,77,244
405,Product_405,Electronics,18,271
406,Product_406,Accessories,112,188
407,Product_407,Furniture,156,224
408,Product_408,Accessories,184,421
409,Product_409,Accessories,155,51
410,Product_410,Sports,162,143
411,Product_411,Sports,33,306
412,Product_412,Furniture,146,390
413,Product_413,Clothing,178,270
414,Product_414,Electronics,44,324
415,Product_415,Sports,74,104
416,Product_416,Clothing,140,493
417,Product_417,Sports,31,294
418,Product_418,Furniture,101,489
419,Product_419,Clothing,101,449
420,Product_420,Clothing,73,408
421,Product_421,Clothing,105,185
422,Product_422,Furniture,8,285
423,Product_423,Furniture,80,141
424,Product_424,Sports,44,111
425,Product_425,Accessories,146,276
426,Product_426,Sports,140,406
427,Product_427,Furniture,85,104
428,Product_428,Clothing,123,500
429,Product_429,Furniture,75,119
430,Product_430,Furniture,114,67
431,Product_431,Sports,175,179
432,Product_432,Clothing,66,419
433,Product_433,Sports,154,425
434,Product_434,Electronics,170,437
435,Product_435,Accessories,130,413
436,Product_436,Sports,51,59
437,Product_437,Accessories,9,443
438,Product_438,Electronics,9,484
439,Product_439,Furniture,111,446
440,Product_440,Electronics,99,31
441,Product_441,Clothing,189,434
442,Product_442,Clothing,6,110
443,Product_443,Electronics,85,255
444,Product_444,Sports,174,27
445,Product_445,Sports,19,493
446,Product_446,Electronics,88,211
447,Product_447,Accessories,109,87
448,Product_448,Accessories,142,456
449,Product_449,Electronics,87,473
450,Product_450,Furniture,23,41
451,Product_451,Furniture,154,159
452,Product_452,Electronics,132,16
453,Product_453,Sports,150,316
454,Product_454,Accessories,80,392
455,Product_455,Accessories,75,424
456,Product_456,Accessories,140,471
457,Product_457,Sports,63,295
458,Product_458,Accessories,90,132
459,Product_459,Clothing,70,252
460,Product_460,Accessories,116,215
461,Product_461,Electronics,112,224
462,Product_462,Sports,8,285
463,Product_463,Sports,93,341
464,Product_464,Electronics,118,87
465,Product_465,Furniture,44,45
466,Product_466,Clothing,121,261
467,Product_467,Sports,99,313
468,Product_468,Clothing,199,158
469,Product_469,Electronics,87,57
470,Product_470,Electronics,127,174
471,Product_471,Clothing,152,419
472,Product_472,Furniture,58,323
473,Product_473,Sports,72,112
474,Product_474,Electronics,73,288
475,Product_475,Sports,95,348
476,Product_476,Electronics,147,22
477,Product_477,Clothing,82,349
478,Product_478,Accessories,55,373
479,Product_479,Furniture,193,224
480,Product_480,Electronics,192,191
481,Product_481,Clothing,124,463
482,Product_482,Electronics,182,210
483,Product_483,Furniture,161,473
484,Product_484,Furniture,22,383
485,Product_485,Clothing,139,499
486,Product_486,Furniture,199,223
487,Product_487,Accessories,157,387
488,Product_488,Clothing,153,313
489,Product_489,Furniture,36,492
490,Product_490,Clothing,198,434
491,Product_491,Furniture,9,80
492,Product_492,Electronics,34,469
493,Product_493,Furniture,132,358
494,Product_494,Electronics,142,81
495,Product_495,Accessories,166,136
496,Product_496,Accessories,35,11
497,Product_497,Clothing,194,228
498,Product_498,Clothing,33,206
499,Product_499,Furniture,123,452
500,Product_500,Accessories,143,41
501,Product_501,Furniture,98,69
502,Product_502,Accessories,106,364
503,Product_503,Electronics,30,353
504,Product_504,Clothing,161,373
505,Product_505,Accessories,152,443
506,Product_506,Electronics,115,343
507,Product_507,Electronics,72,24
508,Product_508,Accessories,44,345
509,Product_509,Clothing,46,292
510,Product_510,Sports,104,106
511,Product_511,Accessories,53,180
512,Product_512,Electronics,103,442
513,Product_513,Clothing,152,99
514,Product_514,Accessories,186,209
515,Product_515,Accessories,88,258
516,Product_516,Sports,8,149
517,Product_517,Accessories,140,464
518,Product_518,Furniture,182,221
519,Product_519,Clothing,81,418
520,Product_520,Accessories,163,407
521,Product_521,Electronics,137,270
522,Product_522,Accessories,150,324
523,Product_523,Furniture,90,116
524,Product_524,Sports,58,440
525,Product_525,Clothing,33,333
526,Product_526,Electronics,125,73
527,Product_527,Sports,138,444
528,Product_528,Sports,139,380
529,Product_529,Furniture,7,322
530,Product_530,Accessories,113,400
531,Product_531,Sports,68,497
532,Product_532,Sports,7,280
533,Product_533,Electronics,174,366
534,Product_534,Sports,129,122
535,Product_535,Sports,14,423
536,Product_536,Clothing,182,151
537,Product_537,Accessories,101,351
538,Product_538,Clothing,149,70
539,Product_539,Clothing,111,257
540,Product_540,Electronics,67,110
541,Product_541,Clothing,25,450
542,Product_542,Accessories,133,163
543,Product_543,Furniture,28,140
544,Product_544,Sports,147,145
545,Product_545,Sports,142,141
546,Product_546,Clothing,119,456
547,Product_547,Clothing,64,146
548,Product_548,Accessories,55,37
549,Product_549,Electronics,169,489
550,Product_550,Accessories,101,333
551,Product_551,Accessories,79,233
552,Product_552,Electronics,108,288
553,Product_553,Accessories,101,147
554,Product_554,Sports,168,240
555,Product_555,Clothing,96,331
556,Product_556,Furniture,159,102
557,Product_557,Accessories,51,237
558,Product_558,Furniture,187,322
559,Product_559,Clothing,53,305
560,Product_560,Furniture,121,28
561,Product_561,Accessories,140,212
562,Product_562,Accessories,28,408
563,Product_563,Electronics,21,390
564,Product_564,Accessories,135,180
565,Product_565,Furniture,57,499
566,Product_566,Sports,4,159
567,Product_567,Furniture,123,477
568,Product_568,Electronics,178,197
569,Product_569,Electronics,8,32
570,Product_570,Clothing,47,347
571,Product_571,Sports,129,305
572,Product_572,Furniture,7,254
573,Product_573,Accessories,89,365
574,Product_574,Accessories,167,313
575,Product_575,Clothing,62,303
576,Product_576,Sports,123,331
577,Product_577,Sports,158,227
578,Product_578,Furniture,150,354
579,Product_579,Clothing,195,100
580,Product_580,Accessories,130,160
581,Product_581,Clothing,164,246
582,Product_582,Furniture,126,84
583,Product_583,Clothing,142,17
584,Product_584,Sports,123,220
585,Product_585,Clothing,12,231
586,Product_586,Electronics,35,217
587,Product_587,Accessories,150,241
588,Product_588,Accessories,82,150
589,Product_589,Clothing,163,302
590,Product_590,Electronics,112,183
591,Product_591,Accessories,96,90
592,Product_592,Accessories,111,182
593,Product_593,Furniture,58,403
594,Product_594,Electronics,183,293
595,Product_595,Electronics,35,57
596,Product_596,Furniture,85,489
597,Product_597,Electronics,47,388
598,Product_598,Electronics,113,74
599,Product_599,Sports,110,442
600,Product_600,Electronics,28,258
601,Product_601,Clothing,41,34
602,Product_602,Accessories,79,289
603,Product_603,Furniture,50,423
604,Product_604,Furniture,20,232
605,Product_605,Electronics,156,17
606,Product_606,Accessories,11,114
607,Product_607,Clothing,106,79
608,Product_608,Clothing,103,232
609,Product_609,Accessories,55,54
610,Product_610,Accessories,75,378
611,Product_611,Accessories,145,205
612,Product_612,Sports,37,329
613,Product_613,Electronics,96,409
614,Product_614,Furniture,84,488
615,Product_615,Accessories,79,471
616,Product_616,Clothing,103,490
617,Product_617,Furniture,87,144
618,Product_618,Clothing,114,46
619,Product_619,Sports,21,456
620,Product_620,Sports,144,310
621,Product_621,Sports,9,122
622,Product_622,Sports,160,121
623,Product_623,Furniture,15,188
624,Product_624,Electronics,120,17
625,Product_625,Sports,138,179
626,Product_626,Furniture,104,402
627,Product_627,Clothing,110,434
628,Product_628,Electronics,126,417
629,Product_629,Furniture,158,333
630,Product_630,Accessories,133,206
631,Product_631,Electronics,84,29
632,Product_632,Sports,55,490
633,Product_633,Electronics,123,146
634,Product_634,Accessories,168,448
635,Product_635,Sports,10,413
636,Product_636,Accessories,40,60
637,Product_637,Furniture,146,473
638,Product_638,Clothing,97,344
639,Product_639,Electronics,134,415
640,Product_640,Sports,25,224
641,Product_641,Accessories,45,426
642,Product_642,Electronics,110,267
643,Product_643,Clothing,143,276
644,Product_644,Electronics,108,436
645,Product_645,Furniture,120,238
646,Product_646,Clothing,31,305
647,Product_647,Furniture,18,36
648,Product_648,Sports,101,332
649,Product_649,Clothing,12,95
650,Product_650,Clothing,52,143
651,Product_651,Clothing,158,312
652,Product_652,Clothing,91,346
653,Product_653,Electronics,104,466
654,Product_654,Clothing,131,326
655,Product_655,Sports,94,224
656,Product_656,Sports,79,157
657,Product_657,Accessories,143,365
658,Product_658,Clothing,79,233
659,Product_659,Clothing,191,179
660,Product_660,Sports,185,106
661,Product_661,Furniture,192,348
662,Product_662,Clothing,163,221
663,Product_663,Accessories,119,469
664,Product_664,Sports,15,209
665,Product_665,Electronics,164,97
666,Product_666,Accessories,169,144
667,Product_667,Furniture,12,93
668,Product_668,Accessories,135,93
669,Product_669,Furniture,82,219
670,Product_670,Clothing,75,66
671,Product_671,Electronics,45,45
672,Product_672,Sports,125,278
673,Product_673,Accessories,140,313
674,Product_674,Sports,153,62
675,Product_675,Furniture,165,159
676,Product_676,Furniture,85,193
677,Product_677,Sports,49,486
678,Product_678,Clothing,158,289
679,Product_679,Clothing,45,418
680,Product_680,Clothing,155,112
681,Product_681,Accessories,132,497
682,Product_682,Furniture,197,227
683,Product_683,Clothing,14,124
684,Product_684,Electronics,102,93
685,Product_685,Clothing,148,446
686,Product_686,Accessories,170,101
687,Product_687,Clothing,70,96
688,Product_688,Furniture,155,391
689,Product_689,Sports,5,290
690,Product_690,Furniture,144,49
691,Product_691,Accessories,177,88
692,Product_692,Electronics,182,104
693,Product_693,Furniture,100,377
694,Product_694,Electronics,50,61
695,Product_695,Clothing,75,151
696,Product_696,Electronics,132,457
697,Product_697,Furniture,4,110
698,Product_698,Electronics,172,427
699,Product_699,Electronics,83,416
700,Product_700,Accessories,20,132
701,Product_701,Clothing,179,310
702,Product_702,Accessories,145,112
703,Product_703,Clothing,81,323
704,Product_704,Sports,86,282
705,Product_705,Clothing,191,90
706,Product_706,Furniture,87,329
707,Product_707,Accessories,9,402
708,Product_708,Clothing,115,464
709,Product_709,Furniture,89,260
710,Product_710,Clothing,129,213
711,Product_711,Accessories,145,13
712,Product_712,Furniture,115,40
713,Product_713,Electronics,148,394
714,Product_714,Electronics,152,458
715,Product_715,Furniture,70,320
716,Product_716,Sports,179,116
717,Product_717,Furniture,176,455
718,Product_718,Furniture,49,246
719,Product_719,Clothing,161,259
720,Product_720,Electronics,142,440
721,Product_721,Accessories,194,266
722,Product_722,Sports,73,429
723,Product_723,Furniture,194,20
724,Product_724,Clothing,156,199
725,Product_725,Accessories,7,218
726,Product_726,Furniture,44,305
727,Product_727,Accessories,104,252
728,Product_728,Sports,15,165
729,Product_729,Furniture,138,63
730,Product_730,Furniture,83,421
731,Product_731,Clothing,139,92
732,Product_732,Furniture,67,435
733,Product_733,Sports,33,298
734,Product_734,Accessories,24,383
735,Product_735,Electronics,101,309
736,Product_736,Clothing,199,367
737,Product_737,Sports,149,300
738,Product_738,Electronics,51,221
739,Product_739,Clothing,3,126
740,Product_740,Furniture,13,265
741,Product_741,Sports,154,387
742,Product_742,Furniture,79,36
743,Product_743,Electronics,73,277
744,Product_744,Accessories,70,265
745,Product_745,Electronics,77,36
746,Product_746,Electronics,81,309
747,Product_747,Sports,142,151
748,Product_748,Furniture,172,472
749,Product_749,Sports,23,193
750,Product_750,Furniture,183,192
751,Product_751,Sports,88,329
752,Product_752,Clothing,183,241
753,Product_753,Electronics,89,359
754,Product_754,Furniture,94,328
755,Product_755,Sports,136,85
756,Product_756,Accessories,102,106
757,Product_757,Furniture,15,237
758,Product_758,Furniture,120,493
759,Product_759,Clothing,36,204
760,Product_760,Sports,7,494
761,Product_761,Accessories,57,153
762,Product_762,Clothing,123,304
763,Product_763,Furniture,54,294
764,Product_764,Electronics,119,476
765,Product_765,Clothing,18,154
766,Product_766,Sports,46,227
767,Product_767,Furniture,28,489
768,Product_768,Clothing,129,56
769,Product_769,Clothing,39,439
770,Product_770,Sports,36,43
771,Product_771,Electronics,75,27
772,Product_772,Clothing,65,418
773,Product_773,Clothing,43,76
774,Product_774,Furniture,107,500
775,Product_775,Sports,110,23
776,Product_776,Furniture,20,132
777,Product_777,Accessories,170,244
778,Product_778,Electronics,118,369
779,Product_779,Electronics,120,175
780,Product_780,Electronics,104,230
781,Product_781,Clothing,39,242
782,Product_782,Furniture,88,77
783,Product_783,Clothing,192,98
784,Product_784,Furniture,67,176
785,Product_785,Clothing,184,327
786,Product_786,Electronics,144,495
787,Product_787,Sports,113,117
788,Product_788,Sports,101,17
789,Product_789,Sports,127,199
790,Product_790,Electronics,131,421
791,Product_791,Furniture,161,187
792,Product_792,Accessories,26,330
793,Product_793,Electronics,138,332
794,Product_794,Clothing,19,115
795,Product_795,Furniture,4,423
796,Product_796,Furniture,10,410
797,Product_797,Clothing,187,98
798,Product_798,Accessories,197,431
799,Product_799,Clothing,56,385
800,Product_800,Sports,178,214
801,Product_801,Furniture,118,159
802,Product_802,Furniture,194,81
803,Product_803,Furniture,69,32
804,Product_804,Electronics,141,336
805,Product_805,Electronics,187,458
806,Product_806,Accessories,176,253
807,Product_807,Sports,10,340
808,Product_808,Sports,163,255
809,Product_809,Electronics,124,31
810,Product_810,Clothing,135,30
811,Product_811,Accessories,169,292
812,Product_812,Sports,119,57
813,Product_813,Electronics,162,140
814,Product_814,Furniture,23,360
815,Product_815,Accessories,122,396
816,Product_816,Clothing,158,212
817,Product_817,Furniture,115,479
818,Product_818,Electronics,13,448
819,Product_819,Accessories,13,411
820,Product_820,Furniture,79,361
821,Product_821,Electronics,193,64
822,Product_822,Accessories,62,115
823,Product_823,Accessories,150,205
824,Product_824,Sports,92,310
825,Product_825,Sports,169,36
826,Product_826,Electronics,136,464
827,Product_827,Electronics,64,13
828,Product_828,Accessories,175,453
829,Product_829,Accessories,132,420
830,Product_830,Electronics,192,210
831,Product_831,Electronics,123,353
832,Product_832,Sports,90,422
833,Product_833,Clothing,77,405
834,Product_834,Clothing,76,45
835,Product_835,Accessories,169,97
836,Product_836,Electronics,141,89
837,Product_837,Accessories,166,277
838,Product_838,Furniture,89,136
839,Product_839,Clothing,47,62
840,Product_840,Accessories,144,34
841,Product_841,Furniture,174,69
842,Product_842,Furniture,115,147
843,Product_843,Sports,67,198
844,Product_844,Electronics,132,322
845,Product_845,Electronics,61,300
846,Product_846,Clothing,16,448
847,Product_847,Clothing,57,393
848,Product_848,Clothing,32,112
849,Product_849,Electronics,104,236
850,Product_850,Sports,116,367
851,Product_851,Sports,57,116
852,Product_852,Furniture,48,387
853,Product_853,Electronics,117,466
854,Product_854,Electronics,99,205
855,Product_855,Electronics,84,363
856,Product_856,Accessories,157,95
857,Product_857,Furniture,157,364
858,Product_858,Electronics,56,129
859,Product_859,Electronics,34,65
860,Product_860,Furniture,118,24
861,Product_861,Electronics,54,141
862,Product_862,Accessories,13,188
863,Product_863,Electronics,142,239
864,Product_864,Furniture,100,189
865,Product_865,Accessories,60,59
866,Product_866,Clothing,23,76
867,Product_867,Furniture,138,350
868,Product_868,Electronics,81,81
869,Product_869,Electronics,173,396
870,Product_870,Sports,42,249
871,Product_871,Sports,73,288
872,Product_872,Clothing,139,91
873,Product_873,Furniture,125,31
874,Product_874,Sports,82,79
875,Product_875,Clothing,87,87
876,Product_876,Clothing,47,409
877,Product_877,Electronics,163,298
878,Product_878,Furniture,90,161
879,Product_879,Sports,79,392
880,Product_880,Furniture,56,54
881,Product_881,Clothing,177,423
882,Product_882,Clothing,187,96
883,Product_883,Electronics,52,455
884,Product_884,Electronics,60,485
885,Product_885,Clothing,173,379
886,Product_886,Accessories,24,271
887,Product_887,Accessories,178,407
888,Product_888,Accessories,179,140
889,Product_889,Furniture,132,494
890,Product_890,Electronics,117,193
891,Product_891,Furniture,60,345
892,Product_892,Accessories,127,354
893,Product_893,Electronics,7,234
894,Product_894,Accessories,10,44
895,Product_895,Furniture,49,175
896,Product_896,Furniture,168,71
897,Product_897,Sports,21,145
898,Product_898,Sports,186,154
899,Product_899,Electronics,28,276
900,Product_900,Electronics,37,314
901,Product_901,Electronics,25,11
902,Product_902,Accessories,148,37
903,Product_903,Electronics,131,149
904,Product_904,Sports,200,107
905,Product_905,Clothing,27,427
906,Product_906,Accessories,84,321
907,Product_907,Electronics,33,250
908,Product_908,Accessories,59,412
909,Product_909,Clothing,14,37
910,Product_910,Clothing,116,344
911,Product_911,Clothing,172,448
912,Product_912,Sports,95,322
913,Product_913,Electronics,119,169
914,Product_914,Clothing,18,258
915,Product_915,Electronics,153,84
916,Product_916,Sports,98,348
917,Product_917,Sports,36,74
918,Product_918,Clothing,185,21
919,Product_919,Clothing,84,500
920,Product_920,Accessories,70,168
921,Product_921,Accessories,7,125
922,Product_922,Electronics,79,386
923,Product_923,Sports,162,197
924,Product_924,Sports,51,181
925,Product_925,Furniture,156,129
926,Product_926,Accessories,49,177
927,Product_927,Clothing,103,437
928,Product_928,Furniture,155,428
929,Product_929,Clothing,110,319
930,Product_930,Sports,3,433
931,Product_931,Accessories,119,464
932,Product_932,Sports,156,477
933,Product_933,Accessories,36,401
934,Product_934,Clothing,24,120
935,Product_935,Furniture,18,464
936,Product_936,Furniture,52,196
937,Product_937,Clothing,61,450
938,Product_938,Electronics,24,448
939,Product_939,Furniture,158,225
940,Product_940,Accessories,59,464
941,Product_941,Furniture,155,347
942,Product_942,Accessories,105,310
943,Product_943,Clothing,183,246
944,Product_944,Clothing,164,97
945,Product_945,Electronics,1,205
946,Product_946,Sports,127,249
947,Product_947,Furniture,95,127
948,Product_948,Furniture,34,358
949,Product_949,Accessories,86,98
950,Product_950,Electronics,1,243
951,Product_951,Clothing,13,316
952,Product_952,Sports,40,458
953,Product_953,Sports,187,58
954,Product_954,Clothing,147,223
955,Product_955,Electronics,62,40
956,Product_956,Electronics,5,220
957,Product_957,Sports,64,256
958,Product_958,Furniture,155,235
959,Product_959,Sports,110,481
960,Product_960,Accessories,65,370
961,Product_961,Clothing,39,164
962,Product_962,Clothing,161,469
963,Product_963,Clothing,161,411
964,Product_964,Clothing,121,423
965,Product_965,Electronics,175,15
966,Product_966,Furniture,41,234
967,Product_967,Sports,195,494
968,Product_968,Electronics,135,46
969,Product_969,Clothing,44,360
970,Product_970,Sports,112,133
971,Product_971,Furniture,13,47
972,Product_972,Furniture,53,385
973,Product_973,Sports,159,289
974,Product_974,Accessories,40,121
975,Product_975,Accessories,132,342
976,Product_976,Accessories,2,135
977,Product_977,Furniture,138,479
978,Product_978,Sports,25,261
979,Product_979,Sports,139,286
980,Product_980,Accessories,22,15
981,Product_981,Furniture,64,351
982,Product_982,Sports,60,384
983,Product_983,Electronics,91,261
984,Product_984,Accessories,130,295
985,Product_985,Accessories,16,209
986,Product_986,Furniture,147,358
987,Product_987,Clothing,72,173
988,Product_988,Furniture,41,167
989,Product_989,Sports,83,283
990,Product_990,Furniture,196,113
991,Product_991,Furniture,22,472
992,Product_992,Furniture,200,277
993,Product_993,Accessories,51,338
994,Product_994,Furniture,157,272
995,Product_995,Sports,171,169
996,Product_996,Sports,175,275
997,Product_997,Sports,47,226
998,Product_998,Furniture,30,463
999,Product_999,Accessories,3,195
1000,Product_1000,Electronics,19,348
1001,Product_1001,Furniture,40,66
1002,Product_1002,Electronics,51,69
1003,Product_1003,Accessories,78,471
1004,Product_1004,Clothing,157,406
1005,Product_1005,Furniture,115,378
1006,Product_1006,Accessories,114,34
1007,Product_1007,Furniture,67,213
1008,Product_1008,Furniture,84,79
1009,Product_1009,Clothing,135,385
1010,Product_1010,Accessories,46,87
1011,Product_1011,Clothing,78,255
1012,Product_1012,Electronics,127,81
1013,Product_1013,Clothing,116,244
1014,Product_1014,Clothing,45,391
1015,Product_1015,Accessories,43,63
1016,Product_1016,Accessories,121,388
1017,Product_1017,Clothing,50,107
1018,Product_1018,Clothing,137,41
1019,Product_1019,Clothing,116,351
1020,Product_1020,Electronics,188,307
1021,Product_1021,Electronics,171,465
1022,Product_1022,Sports,186,421
1023,Product_1023,Accessories,154,358
1024,Product_1024,Accessories,88,398
1025,Product_1025,Accessories,181,274
1026,Product_1026,Electronics,10,52
1027,Product_1027,Clothing,179,273
1028,Product_1028,Electronics,121,229
1029,Product_1029,Electronics,70,290
1030,Product_1030,Furniture,105,256
1031,Product_1031,Sports,102,426
1032,Product_1032,Sports,133,161
1033,Product_1033,Accessories,145,250
1034,Product_1034,Sports,120,168
1035,Product_1035,Accessories,73,383
1036,Product_1036,Accessories,116,83
1037,Product_1037,Electronics,171,482
1038,Product_1038,Sports,22,60
1039,Product_1039,Clothing,56,48
1040,Product_1040,Sports,88,331
1041,Product_1041,Clothing,69,11
1042,Product_1042,Sports,159,178
1043,Product_1043,Clothing,197,216
1044,Product_1044,Electronics,68,32
1045,Product_1045,Sports,116,428
1046,Product_1046,Sports,15,90
1047,Product_1047,Accessories,178,356
1048,Product_1048,Sports,114,453
1049,Product_1049,Accessories,156,70
1050,Product_1050,Clothing,29,325
1051,Product_1051,Furniture,43,167
1052,Product_1052,Electronics,15,70
1053,Product_1053,Sports,17,319
1054,Product_1054,Sports,93,191
1055,Product_1055,Electronics,26,421
1056,Product_1056,Furniture,36,190
1057,Product_1057,Sports,188,75
1058,Product_1058,Electronics,63,451
1059,Product_1059,Clothing,127,202
1060,Product_1060,Furniture,48,194
1061,Product_1061,Clothing,42,208
1062,Product_1062,Electronics,178,182
1063,Product_1063,Clothing,155,294
1064,Product_1064,Sports,163,491
1065,Product_1065,Furniture,28,289
1066,Product_1066,Sports,97,279
1067,Product_1067,Furniture,40,247
1068,Product_1068,Clothing,28,94
1069,Product_1069,Electronics,96,373
1070,Product_1070,Electronics,167,160
1071,Product_1071,Clothing,124,495
1072,Product_1072,Furniture,108,64
1073,Product_1073,Accessories,9,174
1074,Product_1074,Accessories,27,108
1075,Product_1075,Accessories,129,384
1076,Product_1076,Clothing,143,279
1077,Product_1077,Furniture,55,128
1078,Product_1078,Clothing,55,150
1079,Product_1079,Clothing,116,389
1080,Product_1080,Sports,196,337
1081,Product_1081,Clothing,182,180
1082,Product_1082,Sports,7,174
1083,Product_1083,Electronics,55,92
1084,Product_1084,Sports,115,447
1085,Product_1085,Clothing,133,172
1086,Product_1086,Clothing,92,16
1087,Product_1087,Accessories,117,158
1088,Product_1088,Sports,121,14
1089,Product_1089,Sports,62,227
1090,Product_1090,Sports,56,61
1091,Product_1091,Sports,90,163
1092,Product_1092,Furniture,105,362
1093,Product_1093,Electronics,155,51
1094,Product_1094,Accessories,81,352
1095,Product_1095,Electronics,121,204
1096,Product_1096,Accessories,101,442
1097,Product_1097,Accessories,35,475
1098,Product_1098,Accessories,11,384
1099,Product_1099,Accessories,18,187
1100,Product_1100,Furniture,140,330
1101,Product_1101,Furniture,120,176
1102,Product_1102,Clothing,26,196
1103,Product_1103,Sports,70,279
1104,Product_1104,Furniture,106,290
1105,Product_1105,Sports,91,48
1106,Product_1106,Clothing,118,468
1107,Product_1107,Furniture,114,281
1108,Product_1108,Electronics,187,280
1109,Product_1109,Sports,82,382
1110,Product_1110,Clothing,64,165
1111,Product_1111,Sports,81,97
1112,Product_1112,Accessories,97,128
1113,Product_1113,Accessories,77,63
1114,Product_1114,Furniture,129,425
1115,Product_1115,Sports,163,488
1116,Product_1116,Electronics,67,421
1117,Product_1117,Accessories,157,108
1118,Product_1118,Electronics,118,470
1119,Product_1119,Sports,65,147
1120,Product_1120,Sports,82,373
1121,Product_1121,Electronics,38,92
1122,Product_1122,Furniture,197,310
1123,Product_1123,Electronics,129,490
1124,Product_1124,Electronics,159,363
1125,Product_1125,Furniture,22,349
1126,Product_1126,Sports,121,276
1127,Product_1127,Furniture,64,110
1128,Product_1128,Accessories,37,203
1129,Product_1129,Electronics,12,17
1130,Product_1130,Clothing,71,155
1131,Product_1131,Sports,165,95
1132,Product_1132,Accessories,153,162
1133,Product_1133,Electronics,78,165
1134,Product_1134,Accessories,5,151
1135,Product_1135,Clothing,42,27
1136,Product_1136,Clothing,65,416
1137,Product_1137,Electronics,191,400
1138,Product_1138,Accessories,196,433
1139,Product_1139,Clothing,61,137
1140,Product_1140,Clothing,120,36
1141,Product_1141,Clothing,158,414
1142,Product_1142,Clothing,153,479
1143,Product_1143,Furniture,10,142
1144,Product_1144,Accessories,61,139
1145,Product_1145,Furniture,16,169
1146,Product_1146,Clothing,180,407
1147,Product_1147,Furniture,190,419
1148,Product_1148,Accessories,164,172
1149,Product_1149,Clothing,166,158
1150,Product_1150,Accessories,19,141
1151,Product_1151,Accessories,53,241
1152,Product_1152,Sports,173,408
1153,Product_1153,Electronics,50,38
1154,Product_1154,Accessories,67,84
1155,Product_1155,Sports,198,348
1156,Product_1156,Clothing,170,366
1157,Product_1157,Accessories,34,41
1158,Product_1158,Electronics,190,333
1159,Product_1159,Accessories,101,132
1160,Product_1160,Electronics,78,217
1161,Product_1161,Accessories,193,402
1162,Product_1162,Accessories,28,463
1163,Product_1163,Sports,113,17
1164,Product_1164,Clothing,102,276
1165,Product_1165,Furniture,88,218
1166,Product_1166,Accessories,26,442
1167,Product_1167,Sports,98,485
1168,Product_1168,Sports,59,202
1169,Product_1169,Accessories,46,480
1170,Product_1170,Electronics,134,19
1171,Product_1171,Clothing,61,407
1172,Product_1172,Furniture,27,168
1173,Product_1173,Clothing,4,73
1174,Product_1174,Sports,59,207
1175,Product_1175,Clothing,75,55
1176,Product_1176,Clothing,71,163
1177,Product_1177,Clothing,43,179
1178,Product_1178,Sports,30,150
1179,Product_1179,Electronics,140,202
1180,Product_1180,Clothing,94,162
1181,Product_1181,Electronics,194,184
1182,Product_1182,Sports,92,316
1183,Product_1183,Furniture,16,95
1184,Product_1184,Clothing,24,130
1185,Product_1185,Furniture,146,485
1186,Product_1186,Clothing,143,352
1187,Product_1187,Electronics,21,188
1188,Product_1188,Accessories,93,293
1189,Product_1189,Sports,1,399
1190,Product_1190,Electronics,188,205
1191,Product_1191,Electronics,111,84
1192,Product_1192,Furniture,60,378
1193,Product_1193,Furniture,88,459
1194,Product_1194,Clothing,133,401
1195,Product_1195,Furniture,117,401
1196,Product_1196,Furniture,179,26
1197,Product_1197,Sports,148,344
1198,Product_1198,Accessories,89,383
1199,Product_1199,Accessories,167,480
1200,Product_1200,Sports,56,42
1201,Product_1201,Electronics,75,306
1202,Product_1202,Sports,111,19
1203,Product_1203,Sports,149,260
1204,Product_1204,Furniture,144,459
1205,Product_1205,Furniture,128,472
1206,Product_1206,Electronics,141,200
1207,Product_1207,Accessories,143,341
1208,Product_1208,Accessories,11,221
1209,Product_1209,Accessories,190,362
1210,Product_1210,Accessories,77,91
1211,Product_1211,Furniture,68,212
1212,Product_1212,Accessories,166,118
1213,Product_1213,Electronics,103,198
1214,Product_1214,Clothing,191,142
1215,Product_1215,Electronics,9,47
1216,Product_1216,Clothing,141,184
1217,Product_1217,Sports,170,276
1218,Product_1218,Accessories,92,343
1219,Product_1219,Accessories,68,230
1220,Product_1220,Furniture,154,68
1221,Product_1221,Furniture,25,367
1222,Product_1222,Sports,20,461
1223,Product_1223,Electronics,30,333
1224,Product_1224,Electronics,12,128
1225,Product_1225,Sports,198,75
1226,Product_1226,Accessories,105,174
1227,Product_1227,Accessories,84,25
1228,Product_1228,Sports,200,199
1229,Product_1229,Clothing,194,308
1230,Product_1230,Furniture,145,238
1231,Product_1231,Electronics,116,385
1232,Product_1232,Furniture,33,354
1233,Product_1233,Sports,185,253
1234,Product_1234,Accessories,127,94
1235,Product_1235,Electronics,95,332
1236,Product_1236,Furniture,195,352
1237,Product_1237,Furniture,39,59
1238,Product_1238,Accessories,120,212
1239,Product_1239,Furniture,141,176
1240,Product_1240,Accessories,169,171
1241,Product_1241,Clothing,12,164
1242,Product_1242,Accessories,59,215
1243,Product_1243,Electronics,186,435
1244,Product_1244,Electronics,47,48
1245,Product_1245,Electronics,181,146
1246,Product_1246,Furniture,156,292
1247,Product_1247,Electronics,124,336
1248,Product_1248,Clothing,168,144
1249,Product_1249,Furniture,163,282
1250,Product_1250,Furniture,44,207
1251,Product_1251,Clothing,97,355
1252,Product_1252,Electronics,3,433
1253,Product_1253,Furniture,40,334
1254,Product_1254,Clothing,154,269
1255,Product_1255,Sports,139,195
1256,Product_1256,Clothing,66,386
1257,Product_1257,Clothing,196,125
1258,Product_1258,Furniture,199,322
1259,Product_1259,Accessories,152,15
1260,Product_1260,Accessories,59,373
1261,Product_1261,Accessories,57,80
1262,Product_1262,Furniture,95,58
1263,Product_1263,Furniture,147,415
1264,Product_1264,Electronics,109,325
1265,Product_1265,Sports,39,406
1266,Product_1266,Accessories,87,329
1267,Product_1267,Electronics,178,291
1268,Product_1268,Sports,140,359
1269,Product_1269,Electronics,174,64
1270,Product_1270,Sports,169,91
1271,Product_1271,Sports,122,127
1272,Product_1272,Electronics,195,17
1273,Product_1273,Sports,61,54
1274,Product_1274,Sports,21,143
1275,Product_1275,Electronics,72,427
1276,Product_1276,Accessories,49,275
1277,Product_1277,Furniture,180,395
1278,Product_1278,Sports,47,305
1279,Product_1279,Sports,72,122
1280,Product_1280,Sports,61,482
1281,Product_1281,Electronics,185,41
1282,Product_1282,Sports,102,336
1283,Product_1283,Sports,5,260
1284,Product_1284,Clothing,163,328
1285,Product_1285,Clothing,79,300
1286,Product_1286,Electronics,140,172
1287,Product_1287,Electronics,44,242
1288,Product_1288,Furniture,105,23
1289,Product_1289,Accessories,120,47
1290,Product_1290,Accessories,66,465
1291,Product_1291,Accessories,80,164
1292,Product_1292,Sports,18,401
1293,Product_1293,Sports,148,175
1294,Product_1294,Clothing,39,253
1295,Product_1295,Clothing,166,329
1296,Product_1296,Clothing,142,484
1297,Product_1297,Clothing,182,241
1298,Product_1298,Furniture,15,98
1299,Product_1299,Sports,6,96
1300,Product_1300,Accessories,185,217
1301,Product_1301,Furniture,66,198
1302,Product_1302,Clothing,174,492
1303,Product_1303,Clothing,124,314
1304,Product_1304,Accessories,103,475
1305,Product_1305,Sports,31,44
1306,Product_1306,Clothing,49,481
1307,Product_1307,Accessories,62,440
1308,Product_1308,Furniture,80,328
1309,Product_1309,Sports,179,13
1310,Product_1310,Furniture,102,104
1311,Product_1311,Clothing,42,362
1312,Product_1312,Clothing,79,442
1313,Product_1313,Accessories,91,150
1314,Product_1314,Clothing,129,418
1315,Product_1315,Clothing,18,256
1316,Product_1316,Furniture,24,153
1317,Product_1317,Accessories,89,161
1318,Product_1318,Electronics,162,296
1319,Product_1319,Sports,10,302
1320,Product_1320,Furniture,121,272
1321,Product_1321,Clothing,43,274
1322,Product_1322,Clothing,169,41
1323,Product_1323,Sports,93,186
1324,Product_1324,Clothing,30,434
1325,Product_1325,Accessories,92,98
1326,Product_1326,Electronics,73,254
1327,Product_1327,Furniture,164,324
1328,Product_1328,Sports,103,439
1329,Product_1329,Sports,114,393
1330,Product_1330,Accessories,9,127
1331,Product_1331,Sports,107,483
1332,Product_1332,Accessories,24,474
1333,Product_1333,Accessories,132,483
1334,Product_1334,Sports,84,415
1335,Product_1335,Furniture,157,293
1336,Product_1336,Sports,136,162
1337,Product_1337,Accessories,97,400
1338,Product_1338,Sports,112,38
1339,Product_1339,Electronics,94,192
1340,Product_1340,Sports,130,458
1341,Product_1341,Electronics,8,398
1342,Product_1342,Accessories,95,232
1343,Product_1343,Electronics,60,296
1344,Product_1344,Accessories,110,104
1345,Product_1345,Sports,112,46
1346,Product_1346,Clothing,111,144
1347,Product_1347,Clothing,25,352
1348,Product_1348,Sports,177,102
1349,Product_1349,Furniture,118,432
1350,Product_1350,Accessories,27,271
1351,Product_1351,Electronics,70,150
1352,Product_1352,Sports,67,230
1353,Product_1353,Accessories,144,335
1354,Product_1354,Electronics,31,21
1355,Product_1355,Accessories,84,189
1356,Product_1356,Clothing,5,94
1357,Product_1357,Clothing,112,346
1358,Product_1358,Clothing,135,130
1359,Product_1359,Sports,109,329
1360,Product_1360,Sports,107,418
1361,Product_1361,Sports,55,209
1362,Product_1362,Sports,175,194
1363,Product_1363,Electronics,133,139
1364,Product_1364,Sports,114,168
1365,Product_1365,Clothing,133,86
1366,Product_1366,Sports,155,23
1367,Product_1367,Sports,47,191
1368,Product_1368,Furniture,122,176
1369,Product_1369,Sports,184,39
1370,Product_1370,Accessories,32,53
1371,Product_1371,Furniture,151,206
1372,Product_1372,Furniture,62,221
1373,Product_1373,Furniture,116,213
1374,Product_1374,Accessories,154,46
1375,Product_1375,Furniture,12,155
1376,Product_1376,Furniture,6,168
1377,Product_1377,Accessories,90,240
1378,Product_1378,Electronics,137,254
1379,Product_1379,Accessories,112,24
1380,Product_1380,Sports,89,116
1381,Product_1381,Electronics,115,255
1382,Product_1382,Clothing,182,100
1383,Product_1383,Sports,71,413
1384,Product_1384,Sports,133,189
1385,Product_1385,Clothing,126,263
1386,Product_1386,Furniture,44,200
1387,Product_1387,Electronics,101,419
1388,Product_1388,Furniture,5,115
1389,Product_1389,Clothing,188,413
1390,Product_1390,Sports,63,251
1391,Product_1391,Electronics,19,313
1392,Product_1392,Electronics,1,379
1393,Product_1393,Furniture,32,178
1394,Product_1394,Furniture,17,459
1395,Product_1395,Accessories,40,288
1396,Product_1396,Electronics,44,355
1397,Product_1397,Furniture,33,371
1398,Product_1398,Electronics,82,281
1399,Product_1399,Accessories,197,142
1400,Product_1400,Clothing,41,197
1401,Product_1401,Electronics,128,75
1402,Product_1402,Accessories,74,91
1403,Product_1403,Accessories,187,201
1404,Product_1404,Clothing,162,123
1405,Product_1405,Accessories,167,265
1406,Product_1406,Furniture,155,52
1407,Product_1407,Sports,24,112
1408,Product_1408,Clothing,197,177
1409,Product_1409,Clothing,154,80
1410,Product_1410,Clothing,40,161
1411,Product_1411,Accessories,126,258
1412,Product_1412,Clothing,156,430
1413,Product_1413,Clothing,43,463
1414,Product_1414,Furniture,89,248
1415,Product_1415,Electronics,91,392
1416,Product_1416,Accessories,159,337
1417,Product_1417,Sports,179,119
1418,Product_1418,Accessories,116,482
1419,Product_1419,Sports,78,177
1420,Product_1420,Furniture,150,463
1421,Product_1421,Electronics,65,462
1422,Product_1422,Sports,82,162
1423,Product_1423,Clothing,4,274
1424,Product_1424,Clothing,114,161
1425,Product_1425,Clothing,97,422
1426,Product_1426,Accessories,22,429
1427,Product_1427,Electronics,197,265
1428,Product_1428,Electronics,180,13
1429,Product_1429,Clothing,75,77
1430,Product_1430,Electronics,167,384
1431,Product_1431,Sports,45,366
1432,Product_1432,Furniture,78,340
1433,Product_1433,Clothing,62,149
1434,Product_1434,Furniture,174,313
1435,Product_1435,Clothing,80,442
1436,Product_1436,Sports,92,430
1437,Product_1437,Clothing,73,346
1438,Product_1438,Accessories,145,395
1439,Product_1439,Accessories,153,407
1440,Product_1440,Sports,6,353
1441,Product_1441,Accessories,123,55
1442,Product_1442,Accessories,179,140
1443,Product_1443,Accessories,156,53
1444,Product_1444,Sports,24,429
1445,Product_1445,Sports,31,382
1446,Product_1446,Accessories,37,17
1447,Product_1447,Furniture,78,137
1448,Product_1448,Sports,53,499
1449,Product_1449,Furniture,86,447
1450,Product_1450,Furniture,163,122
1451,Product_1451,Sports,134,183
1452,Product_1452,Electronics,137,467
1453,Product_1453,Furniture,42,479
1454,Product_1454,Electronics,148,52
1455,Product_1455,Clothing,110,213
1456,Product_1456,Electronics,18,78
1457,Product_1457,Accessories,143,418
1458,Product_1458,Accessories,7,355
1459,Product_1459,Furniture,195,159
1460,Product_1460,Electronics,159,285
1461,Product_1461,Furniture,89,286
1462,Product_1462,Clothing,74,115
1463,Product_1463,Furniture,13,334
1464,Product_1464,Accessories,101,470
1465,Product_1465,Electronics,32,243
1466,Product_1466,Furniture,182,117
1467,Product_1467,Accessories,123,364
1468,Product_1468,Accessories,197,324
1469,Product_1469,Electronics,176,99
1470,Product_1470,Furniture,149,253
1471,Product_1471,Accessories,23,99
1472,Product_1472,Sports,108,358
1473,Product_1473,Clothing,75,319
1474,Product_1474,Accessories,3,43
1475,Product_1475,Accessories,129,73
1476,Product_1476,Electronics,136,490
1477,Product_1477,Accessories,200,176
1478,Product_1478,Sports,126,358
1479,Product_1479,Sports,23,358
1480,Product_1480,Electronics,116,155
1481,Product_1481,Furniture,160,292
1482,Product_1482,Clothing,142,362
1483,Product_1483,Electronics,145,238
1484,Product_1484,Furniture,155,90
1485,Product_1485,Sports,95,214
1486,Product_1486,Sports,186,246
1487,Product_1487,Accessories,9,272
1488,Product_1488,Furniture,149,306
1489,Product_1489,Clothing,38,499
1490,Product_1490,Furniture,124,344
1491,Product_1491,Accessories,152,261
1492,Product_1492,Accessories,37,130
1493,Product_1493,Sports,101,279
1494,Product_1494,Electronics,55,390
1495,Product_1495,Furniture,162,52
1496,Product_1496,Electronics,143,183
1497,Product_1497,Accessories,60,340
1498,Product_1498,Sports,112,228
1499,Product_1499,Clothing,186,425
1500,Product_1500,Sports,91,442
1501,Product_1501,Sports,199,440
1502,Product_1502,Accessories,60,210
1503,Product_1503,Sports,37,260
1504,Product_1504,Furniture,150,270
1505,Product_1505,Clothing,59,176
1506,Product_1506,Accessories,38,70
1507,Product_1507,Accessories,86,205
1508,Product_1508,Sports,4,356
1509,Product_1509,Clothing,181,500
1510,Product_1510,Accessories,129,491
1511,Product_1511,Accessories,87,452
1512,Product_1512,Clothing,92,303
1513,Product_1513,Clothing,13,148
1514,Product_1514,Sports,158,96
1515,Product_1515,Sports,81,26
1516,Product_1516,Sports,185,362
1517,Product_1517,Clothing,164,447
1518,Product_1518,Sports,96,159
1519,Product_1519,Sports,177,215
1520,Product_1520,Furniture,30,14
1521,Product_1521,Electronics,176,360
1522,Product_1522,Furniture,6,255
1523,Product_1523,Furniture,163,26
1524,Product_1524,Clothing,184,21
1525,Product_1525,Clothing,175,284
1526,Product_1526,Accessories,84,466
1527,Product_1527,Accessories,168,59
1528,Product_1528,Sports,70,56
1529,Product_1529,Furniture,71,90
1530,Product_1530,Accessories,33,130
1531,Product_1531,Electronics,51,172
1532,Product_1532,Accessories,130,440
1533,Product_1533,Furniture,98,442
1534,Product_1534,Electronics,126,192
1535,Product_1535,Furniture,82,223
1536,Product_1536,Accessories,151,487
1537,Product_1537,Sports,162,240
1538,Product_1538,Furniture,22,294
1539,Product_1539,Sports,192,303
1540,Product_1540,Accessories,142,91
1541,Product_1541,Furniture,191,34
1542,Product_1542,Clothing,122,227
1543,Product_1543,Sports,70,359
1544,Product_1544,Furniture,1,310
1545,Product_1545,Electronics,22,201
1546,Product_1546,Sports,58,498
1547,Product_1547,Accessories,139,130
1548,Product_1548,Electronics,73,111
1549,Product_1549,Furniture,94,128
1550,Product_1550,Electronics,94,343
1551,Product_1551,Sports,117,333
1552,Product_1552,Accessories,20,162
1553,Product_1553,Furniture,13,89
1554,Product_1554,Accessories,24,136
1555,Product_1555,Sports,35,21
1556,Product_1556,Accessories,113,412
1557,Product_1557,Furniture,131,317
1558,Product_1558,Clothing,35,392
1559,Product_1559,Accessories,112,90
1560,Product_1560,Clothing,116,457
1561,Product_1561,Furniture,51,301
1562,Product_1562,Sports,184,198
1563,Product_1563,Accessories,39,98
1564,Product_1564,Furniture,20,56
1565,Product_1565,Clothing,31,168
1566,Product_1566,Accessories,110,279
1567,Product_1567,Clothing,18,42
1568,Product_1568,Furniture,12,176
1569,Product_1569,Accessories,48,223
1570,Product_1570,Clothing,127,394
1571,Product_1571,Clothing,103,225
1572,Product_1572,Furniture,114,457
1573,Product_1573,Furniture,69,432
1574,Product_1574,Sports,3,405
1575,Product_1575,Electronics,192,97
1576,Product_1576,Accessories,92,100
1577,Product_1577,Sports,47,87
1578,Product_1578,Accessories,167,262
1579,Product_1579,Electronics,178,133
1580,Product_1580,Electronics,64,97
1581,Product_1581,Clothing,182,30
1582,Product_1582,Furniture,136,160
1583,Product_1583,Sports,10,356
1584,Product_1584,Accessories,60,332
1585,Product_1585,Accessories,145,336
1586,Product_1586,Accessories,30,333
1587,Product_1587,Clothing,119,133
1588,Product_1588,Electronics,198,377
1589,Product_1589,Sports,176,398
1590,Product_1590,Electronics,22,86
1591,Product_1591,Sports,40,164
1592,Product_1592,Electronics,163,167
1593,Product_1593,Electronics,88,16
1594,Product_1594,Electronics,35,316
1595,Product_1595,Electronics,192,361
1596,Product_1596,Sports,75,286
1597,Product_1597,Accessories,50,419
1598,Product_1598,Sports,188,118
1599,Product_1599,Clothing,90,194
1600,Product_1600,Accessories,130,53
1601,Product_1601,Furniture,103,382
1602,Product_1602,Clothing,128,96
1603,Product_1603,Furniture,15,231
1604,Product_1604,Furniture,59,35
1605,Product_1605,Electronics,71,391
1606,Product_1606,Accessories,89,401
1607,Product_1607,Furniture,197,281
1608,Product_1608,Sports,62,417
1609,Product_1609,Electronics,155,87
1610,Product_1610,Accessories,159,174
1611,Product_1611,Electronics,81,210
1612,Product_1612,Furniture,162,256
1613,Product_1613,Electronics,157,131
1614,Product_1614,Clothing,42,441
1615,Product_1615,Sports,16,418
1616,Product_1616,Sports,26,227
1617,Product_1617,Furniture,170,187
1618,Product_1618,Accessories,116,393
1619,Product_1619,Clothing,48,92
1620,Product_1620,Furniture,103,129
1621,Product_1621,Accessories,89,208
1622,Product_1622,Accessories,195,27
1623,Product_1623,Sports,86,373
1624,Product_1624,Accessories,190,411
1625,Product_1625,Clothing,148,295
1626,Product_1626,Accessories,19,179
1627,Product_1627,Sports,25,84
1628,Product_1628,Sports,89,215
1629,Product_1629,Sports,117,330
1630,Product_1630,Accessories,48,385
1631,Product_1631,Clothing,28,145
1632,Product_1632,Electronics,57,46
1633,Product_1633,Accessories,192,16
1634,Product_1634,Furniture,40,413
1635,Product_1635,Furniture,96,478
1636,Product_1636,Sports,63,438
1637,Product_1637,Clothing,159,59
1638,Product_1638,Accessories,131,191
1639,Product_1639,Electronics,21,335
1640,Product_1640,Electronics,78,30
1641,Product_1641,Clothing,40,216
1642,Product_1642,Sports,167,124
1643,Product_1643,Sports,89,395
1644,Product_1644,Sports,71,125
1645,Product_1645,Sports,66,107
1646,Product_1646,Clothing,132,142
1647,Product_1647,Sports,10,285
1648,Product_1648,Clothing,72,317
1649,Product_1649,Accessories,97,275
1650,Product_1650,Clothing,150,268
1651,Product_1651,Clothing,92,380
1652,Product_1652,Furniture,37,481
1653,Product_1653,Furniture,151,227
1654,Product_1654,Sports,27,500
1655,Product_1655,Accessories,133,27
1656,Product_1656,Accessories,77,271
1657,Product_1657,Furniture,198,44
1658,Product_1658,Furniture,89,416
1659,Product_1659,Sports,155,131
1660,Product_1660,Furniture,2,385
1661,Product_1661,Electronics,41,85
1662,Product_1662,Sports,119,302
1663,Product_1663,Furniture,114,318
1664,Product_1664,Accessories,121,203
1665,Product_1665,Sports,192,190
1666,Product_1666,Furniture,190,445
1667,Product_1667,Clothing,182,38
1668,Product_1668,Electronics,193,254
1669,Product_1669,Furniture,92,372
1670,Product_1670,Accessories,88,414
1671,Product_1671,Clothing,12,272
1672,Product_1672,Sports,174,153
1673,Product_1673,Sports,95,209
1674,Product_1674,Furniture,54,465
1675,Product_1675,Clothing,97,19
1676,Product_1676,Accessories,125,285
1677,Product_1677,Accessories,175,37
1678,Product_1678,Furniture,108,75
1679,Product_1679,Electronics,17,343
1680,Product_1680,Clothing,102,306
1681,Product_1681,Accessories,83,337
1682,Product_1682,Clothing,83,491
1683,Product_1683,Accessories,53,98
1684,Product_1684,Furniture,42,412
1685,Product_1685,Sports,125,304
1686,Product_1686,Clothing,93,289
1687,Product_1687,Electronics,152,384
1688,Product_1688,Sports,10,28
1689,Product_1689,Accessories,84,35
1690,Product_1690,Furniture,144,138
1691,Product_1691,Clothing,17,266
1692,Product_1692,Furniture,144,281
1693,Product_1693,Accessories,144,46
1694,Product_1694,Clothing,63,382
1695,Product_1695,Furniture,142,247
1696,Product_1696,Furniture,195,124
1697,Product_1697,Accessories,22,413
1698,Product_1698,Electronics,188,470
1699,Product_1699,Furniture,118,465
1700,Product_1700,Clothing,41,80
1701,Product_1701,Clothing,133,216
1702,Product_1702,Electronics,184,388
1703,Product_1703,Furniture,151,36
1704,Product_1704,Furniture,191,304
1705,Product_1705,Electronics,182,124
1706,Product_1706,Sports,111,137
1707,Product_1707,Electronics,76,458
1708,Product_1708,Accessories,114,136
1709,Product_1709,Sports,82,207
1710,Product_1710,Sports,82,287
1711,Product_1711,Sports,171,74
1712,Product_1712,Furniture,20,221
1713,Product_1713,Sports,11,36
1714,Product_1714,Accessories,148,248
1715,Product_1715,Sports,180,251
1716,Product_1716,Sports,185,232
1717,Product_1717,Clothing,66,274
1718,Product_1718,Electronics,184,378
1719,Product_1719,Electronics,3,67
1720,Product_1720,Furniture,190,47
1721,Product_1721,Clothing,93,84
1722,Product_1722,Clothing,110,479
1723,Product_1723,Furniture,134,210
1724,Product_1724,Accessories,12,72
1725,Product_1725,Furniture,190,36
1726,Product_1726,Clothing,197,13
1727,Product_1727,Electronics,40,229
1728,Product_1728,Electronics,153,297
1729,Product_1729,Sports,22,393
1730,Product_1730,Electronics,24,443
1731,Product_1731,Accessories,31,446
1732,Product_1732,Furniture,88,452
1733,Product_1733,Accessories,78,386
1734,Product_1734,Clothing,62,191
1735,Product_1735,Clothing,87,334
1736,Product_1736,Clothing,158,41
1737,Product_1737,Furniture,75,79
1738,Product_1738,Accessories,179,444
1739,Product_1739,Accessories,15,18
1740,Product_1740,Furniture,196,184
1741,Product_1741,Electronics,81,286
1742,Product_1742,Electronics,154,365
1743,Product_1743,Accessories,180,395
1744,Product_1744,Accessories,88,483
1745,Product_1745,Clothing,195,26
1746,Product_1746,Furniture,135,47
1747,Product_1747,Electronics,121,67
1748,Product_1748,Clothing,171,428
1749,Product_1749,Clothing,131,443
1750,Product_1750,Sports,103,15
1751,Product_1751,Clothing,64,457
1752,Product_1752,Furniture,165,187
1753,Product_1753,Accessories,142,55
1754,Product_1754,Sports,199,319
1755,Product_1755,Electronics,24,218
1756,Product_1756,Clothing,158,358
1757,Product_1757,Accessories,55,196
1758,Product_1758,Electronics,68,59
1759,Product_1759,Clothing,35,24
1760,Product_1760,Clothing,79,134
1761,Product_1761,Accessories,50,277
1762,Product_1762,Accessories,142,180
1763,Product_1763,Clothing,142,208
1764,Product_1764,Electronics,60,358
1765,Product_1765,Accessories,199,37
1766,Product_1766,Sports,66,16
1767,Product_1767,Electronics,16,31
1768,Product_1768,Accessories,142,455
1769,Product_1769,Furniture,110,290
1770,Product_1770,Sports,65,208
1771,Product_1771,Electronics,120,83
1772,Product_1772,Electronics,72,241
1773,Product_1773,Clothing,197,180
1774,Product_1774,Electronics,80,165
1775,Product_1775,Sports,35,124
1776,Product_1776,Accessories,155,333
1777,Product_1777,Accessories,76,302
1778,Product_1778,Sports,120,288
1779,Product_1779,Sports,106,421
1780,Product_1780,Accessories,28,398
1781,Product_1781,Sports,125,473
1782,Product_1782,Accessories,85,208
1783,Product_1783,Sports,170,22
1784,Product_1784,Furniture,27,48
1785,Product_1785,Sports,117,186
1786,Product_1786,Accessories,35,94
1787,Product_1787,Accessories,129,243
1788,Product_1788,Sports,182,168
1789,Product_1789,Furniture,81,99
1790,Product_1790,Clothing,87,426
1791,Product_1791,Sports,142,134
1792,Product_1792,Furniture,8,57
1793,Product_1793,Accessories,48,192
1794,Product_1794,Accessories,188,456
1795,Product_1795,Clothing,149,483
1796,Product_1796,Electronics,14,479
1797,Product_1797,Accessories,46,173
1798,Product_1798,Clothing,187,148
1799,Product_1799,Clothing,173,230
1800,Product_1800,Accessories,107,99
1801,Product_1801,Accessories,86,352
1802,Product_1802,Accessories,46,227
1803,Product_1803,Clothing,194,115
1804,Product_1804,Electronics,191,84
1805,Product_1805,Sports,171,325
1806,Product_1806,Accessories,78,70
1807,Product_1807,Accessories,64,37
1808,Product_1808,Clothing,86,354
1809,Product_1809,Clothing,45,157
1810,Product_1810,Furniture,182,300
1811,Product_1811,Electronics,165,392
1812,Product_1812,Furniture,13,240
1813,Product_1813,Sports,72,371
1814,Product_1814,Furniture,190,191
1815,Product_1815,Sports,156,396
1816,Product_1816,Furniture,151,130
1817,Product_1817,Accessories,87,498
1818,Product_1818,Electronics,15,194
1819,Product_1819,Electronics,56,303
1820,Product_1820,Furniture,68,408
1821,Product_1821,Furniture,194,148
1822,Product_1822,Accessories,67,267
1823,Product_1823,Sports,129,379
1824,Product_1824,Electronics,114,186
1825,Product_1825,Accessories,158,488
1826,Product_1826,Electronics,109,151
1827,Product_1827,Sports,97,448
1828,Product_1828,Accessories,197,341
1829,Product_1829,Sports,76,420
1830,Product_1830,Furniture,35,469
1831,Product_1831,Sports,166,17
1832,Product_1832,Sports,20,162
1833,Product_1833,Accessories,196,289
1834,Product_1834,Furniture,136,180
1835,Product_1835,Sports,185,172
1836,Product_1836,Electronics,167,32
1837,Product_1837,Furniture,77,16
1838,Product_1838,Clothing,57,112
1839,Product_1839,Furniture,121,158
1840,Product_1840,Clothing,122,265
1841,Product_1841,Clothing,135,52
1842,Product_1842,Accessories,159,23
1843,Product_1843,Sports,87,489
1844,Product_1844,Furniture,91,394
1845,Product_1845,Furniture,123,429
1846,Product_1846,Electronics,64,214
1847,Product_1847,Sports,163,432
1848,Product_1848,Sports,168,455
1849,Product_1849,Clothing,154,308
1850,Product_1850,Furniture,77,307
1851,Product_1851,Sports,159,216
1852,Product_1852,Sports,79,63
1853,Product_1853,Sports,16,95
1854,Product_1854,Clothing,34,499
1855,Product_1855,Sports,114,305
1856,Product_1856,Accessories,14,218
1857,Product_1857,Furniture,103,430
1858,Product_1858,Accessories,63,381
1859,Product_1859,Clothing,78,442
1860,Product_1860,Clothing,20,83
1861,Product_1861,Furniture,109,156
1862,Product_1862,Accessories,149,206
1863,Product_1863,Accessories,128,308
1864,Product_1864,Furniture,149,83
1865,Product_1865,Sports,147,153
1866,Product_1866,Clothing,29,202
1867,Product_1867,Electronics,97,14
1868,Product_1868,Sports,173,207
1869,Product_1869,Clothing,142,166
1870,Product_1870,Clothing,28,415
1871,Product_1871,Furniture,77,55
1872,Product_1872,Sports,107,232
1873,Product_1873,Electronics,95,405
1874,Product_1874,Clothing,16,184
1875,Product_1875,Accessories,6,67
1876,Product_1876,Furniture,59,93
1877,Product_1877,Furniture,178,282
1878,Product_1878,Accessories,165,483
1879,Product_1879,Accessories,35,319
1880,Product_1880,Clothing,137,52
1881,Product_1881,Furniture,12,118
1882,Product_1882,Electronics,56,340
1883,Product_1883,Sports,99,46
1884,Product_1884,Electronics,77,308
1885,Product_1885,Accessories,45,225
1886,Product_1886,Furniture,193,294
1887,Product_1887,Accessories,71,138
1888,Product_1888,Sports,34,299
1889,Product_1889,Clothing,76,427
1890,Product_1890,Sports,67,179
1891,Product_1891,Accessories,85,256
1892,Product_1892,Sports,81,101
1893,Product_1893,Accessories,112,155
1894,Product_1894,Electronics,191,241
1895,Product_1895,Clothing,105,234
1896,Product_1896,Furniture,109,129
1897,Product_1897,Clothing,1,93
1898,Product_1898,Electronics,25,143
1899,Product_1899,Accessories,146,364
1900,Product_1900,Accessories,174,418
1901,Product_1901,Sports,168,380
1902,Product_1902,Electronics,66,67
1903,Product_1903,Furniture,112,160
1904,Product_1904,Electronics,131,115
1905,Product_1905,Electronics,166,457
1906,Product_1906,Sports,133,294
1907,Product_1907,Electronics,83,55
1908,Product_1908,Clothing,163,344
1909,Product_1909,Electronics,5,467
1910,Product_1910,Electronics,171,218
1911,Product_1911,Electronics,170,19
1912,Product_1912,Clothing,90,461
1913,Product_1913,Accessories,96,19
1914,Product_1914,Electronics,83,402
1915,Product_1915,Sports,155,212
1916,Product_1916,Furniture,45,485
1917,Product_1917,Accessories,122,48
1918,Product_1918,Electronics,199,384
1919,Product_1919,Sports,76,370
1920,Product_1920,Sports,98,465
1921,Product_1921,Sports,88,380
1922,Product_1922,Clothing,157,204
1923,Product_1923,Accessories,100,173
1924,Product_1924,Sports,167,195
1925,Product_1925,Furniture,181,312
1926,Product_1926,Furniture,15,256
1927,Product_1927,Accessories,46,134
1928,Product_1928,Furniture,24,256
1929,Product_1929,Sports,94,391
1930,Product_1930,Sports,146,132
1931,Product_1931,Clothing,131,48
1932,Product_1932,Clothing,127,44
1933,Product_1933,Clothing,108,115
1934,Product_1934,Accessories,114,19
1935,Product_1935,Electronics,144,106
1936,Product_1936,Furniture,189,62
1937,Product_1937,Sports,23,101
1938,Product_1938,Clothing,114,157
1939,Product_1939,Furniture,71,415
1940,Product_1940,Clothing,189,349
1941,Product_1941,Sports,5,293
1942,Product_1942,Sports,189,17
1943,Product_1943,Sports,96,96
1944,Product_1944,Accessories,72,250
1945,Product_1945,Sports,147,81
1946,Product_1946,Sports,134,427
1947,Product_1947,Accessories,193,489
1948,Product_1948,Sports,157,83
1949,Product_1949,Electronics,146,475
1950,Product_1950,Sports,173,461
1951,Product_1951,Accessories,6,75
1952,Product_1952,Furniture,34,97
1953,Product_1953,Furniture,138,480
1954,Product_1954,Sports,89,180
1955,Product_1955,Sports,153,244
1956,Product_1956,Electronics,123,135
1957,Product_1957,Accessories,76,317
1958,Product_1958,Electronics,90,458
1959,Product_1959,Sports,110,35
1960,Product_1960,Sports,65,154
1961,Product_1961,Accessories,111,348
1962,Product_1962,Furniture,58,60
1963,Product_1963,Clothing,104,383
1964,Product_1964,Sports,81,369
1965,Product_1965,Furniture,136,311
1966,Product_1966,Accessories,31,193
1967,Product_1967,Furniture,99,66
1968,Product_1968,Furniture,110,467
1969,Product_1969,Electronics,198,54
1970,Product_1970,Accessories,6,115
1971,Product_1971,Electronics,82,35
1972,Product_1972,Sports,197,218
1973,Product_1973,Clothing,166,415
1974,Product_1974,Accessories,108,38
1975,Product_1975,Electronics,144,228
1976,Product_1976,Furniture,91,363
1977,Product_1977,Accessories,196,32
1978,Product_1978,Electronics,35,310
1979,Product_1979,Accessories,2,40
1980,Product_1980,Furniture,179,360
1981,Product_1981,Electronics,40,174
1982,Product_1982,Accessories,164,292
1983,Product_1983,Furniture,86,288
1984,Product_1984,Clothing,135,153
1985,Product_1985,Accessories,178,278
1986,Product_1986,Furniture,35,398
1987,Product_1987,Accessories,117,319
1988,Product_1988,Sports,157,216
1989,Product_1989,Accessories,148,233
1990,Product_1990,Sports,129,163
1991,Product_1991,Accessories,41,149
1992,Product_1992,Furniture,175,166
1993,Product_1993,Accessories,147,303
1994,Product_1994,Accessories,118,230
1995,Product_1995,Sports,22,193
1996,Product_1996,Sports,36,47
1997,Product_1997,Clothing,30,42
1998,Product_1998,Sports,69,318
1999,Product_1999,Accessories,197,370
2000,Product_2000,Accessories,190,457
